category,link to the article
https://www.alexa.com/covid-19,https://sunnybrook.ca/research/media/item.asp?c=2&i=2069&f=covid-19-isolated-2020#.XmqdRmlrVfY.twitter
https://www.alexa.com/covid-19,https://www.cdc.gov/coronavirus/2019-nCoV/summary.html#risk-assessment
https://www.alexa.com/covid-19,https://www.acpjournals.org/doi/10.7326/M20-0504
https://www.alexa.com/covid-19,https://staythefuckhome.com/
https://www.alexa.com/covid-19,https://truepundit.com/cover-up-fauci-approved-chloroquine-hydroxychloroquine-15-years-ago-to-treat-nobody-needed-to-die/
https://www.alexa.com/covid-19,https://www.nih.gov/news-events/news-releases/nih-clinical-trial-investigational-vaccine-covid-19-begins
https://www.alexa.com/covid-19,https://www.ahajournals.org/doi/10.1161/CIRCEP.120.008662#.XrG-i8LBjDA.twitter
https://www.alexa.com/covid-19,https://www.medrxiv.org/content/10.1101/2020.04.14.20062463v2
https://www.alexa.com/covid-19,https://www.pittwire.pitt.edu/news/covid-19-vaccine-candidate-shows-promise-first-peer-reviewed-research
https://www.alexa.com/covid-19/quarantine,https://www.nytimes.com/article/quarantine-coronavirus.html
https://www.alexa.com/covid-19/quarantine,https://nockingpointwines.com/product/quarantine/
https://www.alexa.com/covid-19/quarantine,https://www.thehindu.com/news/cities/Coimbatore/foreigners-in-quarantine-at-isha/article31221606.ece
https://www.alexa.com/covid-19/quarantine,https://www.vox.com/2020/3/12/21177182/coronavirus-covid-19-trump-exposure-quarantine
https://www.alexa.com/covid-19/quarantine,https://theweek.com/articles/921833/world-putting-america-quarantine
https://www.alexa.com/covid-19/quarantine,https://www.billboard.com/articles/news/international/9378674/blackpink-quarantine-playlist
https://www.alexa.com/covid-19/quarantine,https://nymag.com/intelligencer/2020/03/bolsonaro-coronavirus-test-positive-trump-quaruntine.html
https://www.alexa.com/covid-19/quarantine,https://smash.gg/tournament/the-quarantine-series/details
https://www.alexa.com/covid-19/quarantine,https://stpaulcenter.com/hub/?utm_source=spc+facebook&utm_medium=social&utm_content=hub+page+native+spc+fb+post&utm_campaign=hub
https://www.alexa.com/covid-19/quarantine,https://www.cdc.gov/quarantine/aboutlawsregulationsquarantineisolation.html
https://www.alexa.com/covid-19/shelter-in-place,https://www.turnto23.com/news/coronavirus/accelerated-urgent-care-doctors-recommend-lifting-shelter-in-place-order
https://www.alexa.com/covid-19/shelter-in-place,https://www.sfchronicle.com/local-politics/article/Bay-Area-must-shelter-in-place-Only-15135014.php
https://www.alexa.com/covid-19/shelter-in-place,https://www.cnn.com/2020/03/23/us/california-stay-at-home-beach-goers/index.html
https://www.alexa.com/covid-19/shelter-in-place,https://talkingpointsmemo.com/news/alabama-governor-refuse-shelter-in-place-order-not-california
https://www.alexa.com/covid-19/shelter-in-place,https://www.ajc.com/blog/politics/breaking-georgia-governor-orders-shelter-place-curb-coronavirus/vdAoWkjq39W2usr9e8W8BL/
https://www.alexa.com/covid-19/shelter-in-place,https://www.fox32chicago.com/news/pritzker-to-order-shelter-in-place-to-illinois-residents-report
https://www.alexa.com/covid-19/shelter-in-place,https://abcnews.go.com/US/michigan-rally-shelter-place-order-spills-capitol-building/story?id=70432928
https://www.alexa.com/covid-19/shelter-in-place,https://www.newschannel5.com/news/newschannel-5-investigates/1-500-tn-physicians-urge-governor-to-order-shelter-in-place
https://www.alexa.com/covid-19/shelter-in-place,https://www.cbsnews.com/news/amazon-q1-earnings-75-billion-10000-per-second/
https://www.alexa.com/covid-19/shelter-in-place,https://justthenews.com/nation/technology/elon-musk-calls-shelter-place-measures-forcibly-imprisoning-population-earnings
https://www.alexa.com/covid-19/shelter-in-place,https://www.turnto23.com/news/coronavirus/accelerated-urgent-care-doctors-recommend-lifting-shelter-in-place-order
https://www.alexa.com/covid-19/shelter-in-place,https://www.sfchronicle.com/local-politics/article/Bay-Area-must-shelter-in-place-Only-15135014.php
https://www.alexa.com/covid-19/shelter-in-place,https://www.cnn.com/2020/03/23/us/california-stay-at-home-beach-goers/index.html
https://www.alexa.com/covid-19/shelter-in-place,https://talkingpointsmemo.com/news/alabama-governor-refuse-shelter-in-place-order-not-california
https://www.alexa.com/covid-19/shelter-in-place,https://www.ajc.com/blog/politics/breaking-georgia-governor-orders-shelter-place-curb-coronavirus/vdAoWkjq39W2usr9e8W8BL/
https://www.alexa.com/covid-19/shelter-in-place,https://www.fox32chicago.com/news/pritzker-to-order-shelter-in-place-to-illinois-residents-report
https://www.alexa.com/covid-19/shelter-in-place,https://abcnews.go.com/US/michigan-rally-shelter-place-order-spills-capitol-building/story?id=70432928
https://www.alexa.com/covid-19/shelter-in-place,https://www.newschannel5.com/news/newschannel-5-investigates/1-500-tn-physicians-urge-governor-to-order-shelter-in-place
https://www.alexa.com/covid-19/shelter-in-place,https://www.cbsnews.com/news/amazon-q1-earnings-75-billion-10000-per-second/
https://www.alexa.com/covid-19/shelter-in-place,https://justthenews.com/nation/technology/elon-musk-calls-shelter-place-measures-forcibly-imprisoning-population-earnings
https://www.alexa.com/covid-19/work-from-home,https://www.cnn.com/2020/03/31/media/chris-cuomo-coronavirus/index.html
https://www.alexa.com/covid-19/work-from-home,https://www.nbcbayarea.com/news/national-international/twitter-employees-can-work-from-home-forever-ceo-says/2288858/?amp
https://www.alexa.com/covid-19/work-from-home,https://www.businessinsider.com/twitter-tells-employees-they-can-work-from-home-permanently-2020-5
https://www.alexa.com/covid-19/work-from-home,https://venturebeat.com/2020/04/30/no-nintendo-direct-planned-for-june-due-to-work-from-home-hurdles/
https://www.alexa.com/covid-19/work-from-home,https://www.cnbc.com/2020/05/04/why-many-employees-are-hoping-to-work-from-home-even-after-the-pandemic-is-over.html
https://www.alexa.com/covid-19/work-from-home,https://apnews.com/44740743a698a80c058b75b8f8af3c8e
https://www.alexa.com/covid-19/work-from-home,https://www.nbcnews.com/tech/tech-news/twitter-employees-can-work-home-forever-ceo-says-n1205346
https://www.alexa.com/covid-19/work-from-home,https://techcrunch.com/2020/03/16/charter-coronavirus-work-home/
https://www.alexa.com/covid-19/work-from-home,https://www.harpersbazaar.com/culture/features/g31677436/working-from-home-tips/
https://www.alexa.com/covid-19/work-from-home,https://techcrunch.com/2020/03/16/charter-coronavirus-work-home/
https://www.alexa.com/covid-19/work-from-home,https://nursingnotes.co.uk/nurse-week-dies-home-work/
https://www.alexa.com/covid-19/remote-education,https://catlintucker.com/2020/03/3-ways-to-use-video-conferencing/
https://www.alexa.com/covid-19/remote-education,https://www.edutopia.org/article/why-are-some-kids-thriving-during-remote-learning
https://www.alexa.com/covid-19/remote-education,https://www.gov.uk/government/publications/coronavirus-covid-19-online-education-resources/coronavirus-covid-19-list-of-online-education-resources-for-home-education
https://www.alexa.com/covid-19/remote-education,https://www.gov.uk/government/news/new-major-package-to-support-online-learning
https://www.alexa.com/covid-19/remote-education,https://blog.flipgrid.com/remotelearning
https://www.alexa.com/covid-19/remote-education,https://georgecouros.ca/blog/archives/11545
https://www.alexa.com/covid-19/remote-education,https://er.educause.edu/articles/2020/3/the-difference-between-emergency-remote-teaching-and-online-learning
https://www.alexa.com/covid-19/remote-education,https://www.harvard.edu/coronavirus
https://www.alexa.com/covid-19/remote-education,https://blog.valohai.com/remote-work-for-machine-learning?utm_content=121343600&utm_medium=social&utm_source=twitter&hss_channel=tw-785418483685294080
https://www.alexa.com/covid-19/remote-education,https://www.qualtrics.com/here-to-help/
https://www.alexa.com/covid-19/remote-education,https://catlintucker.com/2020/03/3-ways-to-use-video-conferencing/
https://www.alexa.com/covid-19/supply-shortages,https://www.washingtonpost.com/national/coronavirus-protective-gear-stockpile-depleted/2020/04/01/44d6592a-741f-11ea-ae50-7148009252e3_story.html
https://www.alexa.com/covid-19/supply-shortages,https://www.texastribune.org/2020/03/13/coronavirus-and-toilet-paper-texas-residents-rushing-grocery-stores/?utm_campaign=trib-social&utm_content=1584140739&utm_medium=social&utm_source=twitter
https://www.alexa.com/covid-19/supply-shortages,https://www.bbc.co.uk/news/newsbeat-52440641
https://www.alexa.com/covid-19/supply-shortages,https://www.rnz.co.nz/news/world/414362/shopper-who-used-team-to-stockpile-10k-of-toilet-paper-sanitiser-refused-refund
https://www.alexa.com/covid-19/supply-shortages,https://globalnews.ca/news/6858818/coronavirus-china-united-front-canada-protective-equipment-shortage/
https://www.alexa.com/covid-19/supply-shortages,https://www.bloomberg.com/news/articles/2020-03-18/hospital-makes-face-masks-covid-19-shields-from-office-supplies
https://www.alexa.com/covid-19/supply-shortages,https://www.kxxv.com/your-hometown/texas/gov-abbott-waives-laws-to-allow-trucks-from-alcohol-industry-to-deliver-grocery-supplies
https://www.alexa.com/covid-19/supply-shortages,https://abcnews.go.com/US/coronavirus-live-updates-us-surpasses-65000-covid-19/story?id=70467380
https://www.alexa.com/covid-19/supply-shortages,https://townhall.com/tipsheet/bronsonstocking/2020/04/04/nevada-governor-found-hoarding-hydroxychloroquine-after-restricting-access-to-the-drug-n2566360
https://www.alexa.com/covid-19/exercise-at-home,https://wwwnc.cdc.gov/eid/article/26/8/20-0633_article
https://www.alexa.com/covid-19/exercise-at-home,http://fixmyquarantine.com/
https://www.alexa.com/covid-19/exercise-at-home,https://www.abc.net.au/news/2020-03-25/coronavirus-cruise-ship-quarantine-zone-for-rottnest-island/12089394
https://www.alexa.com/covid-19/exercise-at-home,https://www.koreaboo.com/stories/gfriends-yuju-makes-fans-gasp-in-awe-flexibility-quarantined/
https://www.alexa.com/covid-19/exercise-at-home,https://www.cullmantimes.com/news/local-fitness-instructor-going-global-with-youtube-channel/article_7cd31af0-8439-11ea-800d-abdd918fe952.html#utm_campaign=blox&utm_source=twitter&utm_medium=social
https://www.alexa.com/covid-19/exercise-at-home,https://us.hola.com/health-and-beauty/20200315flkvx6kz5u/coronavirus-spain-lockdown-fitness-class-rooftop-video
https://www.alexa.com/covid-19/exercise-at-home,http://www.nintendolife.com/news/2020/03/ring_fit_adventure_is_so_popular_it_keeps_selling_out
https://www.alexa.com/covid-19/exercise-at-home,https://www.gqindia.com/look-good/content/exclusive-hrithik-roshan-home-workout-routine-following-self-quarantining
https://www.alexa.com/covid-19/exercise-at-home,https://www.doctoroz.com/article/5-free-indoor-exercises-will-help-you-get-out-your-head
https://www.alexa.com/covid-19/exercise-at-home,https://lifeshack.io/your-lack-of-gym-time-during-lockdown-is-not-as-detrimental-as-you-think/
https://www.alexa.com/covid-19/exercise-at-home,https://sadisticcoach.co.uk/
https://www.alexa.com/covid-19/social-distancing,https://www.independent.co.uk/news/world/americas/us-politics/trump-republican-national-convention-north-carolina-coronavirus-masks-social-distancing-roy-cooper-a9540051.html
https://www.alexa.com/covid-19/social-distancing,https://www.gov.uk/government/publications/staying-alert-and-safe-social-distancing/staying-alert-and-safe-social-distancing
https://www.alexa.com/covid-19/social-distancing,https://www.gov.uk/government/publications/covid-19-guidance-on-social-distancing-and-for-vulnerable-people/guidance-on-social-distancing-for-everyone-in-the-uk-and-protecting-older-people-and-vulnerable-adults
https://www.alexa.com/covid-19/social-distancing,https://www.fox13news.com/news/tampa-megachurch-crowded-with-worshipers-despite-social-distancing-orders
https://www.alexa.com/covid-19/social-distancing,https://massivesci.com/articles/vampire-bats-socializing-food-sharing-grooming/
https://www.alexa.com/covid-19/social-distancing,https://www.politico.com/news/magazine/2020/06/04/public-health-protests-301534
https://www.alexa.com/covid-19/social-distancing,https://www.washingtonpost.com/opinions/2020/03/24/its-time-socially-distance-real-journalism-trump/
https://www.alexa.com/covid-19/social-distancing,https://thenextweb.com/neural/2020/04/16/mits-ai-predicts-catastrophe-if-social-distancing-restrictions-relax-too-soon/
https://www.alexa.com/covid-19/social-distancing,https://medium.com/@ariadnelabs/social-distancing-this-is-not-a-snow-day-ac21d7fa78b4
https://www.alexa.com/covid-19/social-distancing,https://www.theatlantic.com/family/archive/2020/03/coronavirus-what-does-social-distancing-mean/607927/
https://www.alexa.com/covid-19/flatten-the-curve,https://time.com/5809038/coronavirus-flatten-curve/
https://www.alexa.com/covid-19/flatten-the-curve,https://www.washingtonpost.com/world/asia_pacific/new-zealand-isnt-just-flattening-the-curve-its-squashing-it/2020/04/07/6cab3a4a-7822-11ea-a311-adb1344719a9_story.html
https://www.alexa.com/covid-19/flatten-the-curve,https://www.nytimes.com/2020/03/23/world/asia/coronavirus-south-korea-flatten-curve.html
https://www.alexa.com/covid-19/flatten-the-curve,https://www.flattenthecurve.com/
https://www.alexa.com/covid-19/flatten-the-curve,https://www.washingtonpost.com/graphics/2020/world/corona-simulator/
https://www.alexa.com/covid-19/flatten-the-curve,https://www.jsonline.com/story/news/politics/elections/2020/04/08/coronavirus-wisconsin-election-likely-hurt-effort-flatten-curve/2961718001/
https://www.alexa.com/covid-19/flatten-the-curve,https://www.theatlantic.com/politics/archive/2020/04/coronavirus-san-francisco-london-breed/609808/
https://www.alexa.com/covid-19/flatten-the-curve,https://www.foxnews.com/media/desantis-florida-covid-flattening-curve
https://www.alexa.com/covid-19/flatten-the-curve,https://www.nationalgeographic.com/history/2020/03/how-cities-flattened-curve-1918-spanish-flu-pandemic-coronavirus/
https://www.alexa.com/covid-19/flatten-the-curve,https://talkingpointsmemo.com/news/fauci-false-statement-coronavirus-outbreak-under-control
https://www.alexa.com/covid-19/face-masks,https://www.washingtonpost.com/nation/2020/05/28/masks-not-allowed-coronavirus/#click=https://t.co/xgk30r1ylK
https://www.alexa.com/covid-19/face-masks,https://thehill.com/homenews/administration/495079-pence-flouts-mayo-clinic-policy-by-not-wearing-face-covering
https://www.alexa.com/covid-19/face-masks,https://www.gov.uk/government/publications/how-to-wear-and-make-a-cloth-face-covering/how-to-wear-and-make-a-cloth-face-covering
https://www.alexa.com/covid-19/face-masks,https://www.bostonglobe.com/2020/03/19/opinion/guidance-against-wearing-masks-coronavirus-is-wrong-you-should-cover-your-face/
https://www.alexa.com/covid-19/face-masks,https://www.bbc.co.uk/news/health-51205344
https://www.alexa.com/covid-19/face-masks,https://www.cnn.com/2020/05/26/politics/joe-biden-cnn-interview-trump-face-masks/index.html
https://www.alexa.com/covid-19/face-masks,https://www.bbc.co.uk/news/uk-52927089?at_custom4=3DCC1C00-A67E-11EA-B31D-80DB39982C1E&at_medium=custom7&at_campaign=64&at_custom2=twitter&at_custom3=%40BBCBreaking&at_custom1=%5Bpost+type%5D
https://www.alexa.com/covid-19/face-masks,https://www.canada.ca/en/public-health/services/diseases/2019-novel-coronavirus-infection/prevention-risks/about-non-medical-masks-face-coverings.html#_How_to_protect
https://www.alexa.com/covid-19/face-masks,https://thehill.com/homenews/administration/490308-cdc-may-urge-americans-to-cover-faces-in-public-report#.XoND-3ZH-Uc.twitter
https://www.alexa.com/covid-19/face-masks,https://medium.com/@adrien.burch/whats-the-evidence-on-face-masks-5f3c27a18cc
https://www.alexa.com/covid-19/stay-home,https://www.gov.uk/government/publications/staying-alert-and-safe-social-distancing/staying-alert-and-safe-social-distancing
https://www.alexa.com/covid-19/stay-home,https://www.thewrap.com/facebook-will-remove-posts-coronavirus-stay-at-home/
https://www.alexa.com/covid-19/stay-home,https://www.gov.uk/government/publications/covid-19-guidance-on-social-distancing-and-for-vulnerable-people/guidance-on-social-distancing-for-everyone-in-the-uk-and-protecting-older-people-and-vulnerable-adults
https://www.alexa.com/covid-19/stay-home,https://www.fox13news.com/news/tampa-megachurch-crowded-with-worshipers-despite-social-distancing-orders
https://www.alexa.com/covid-19/stay-home,https://www.politico.com/news/magazine/2020/06/04/public-health-protests-301534
https://www.alexa.com/covid-19/stay-home,https://ktla.com/news/local-news/demonstrators-gather-in-huntington-beach-to-protest-states-stay-at-home-order-and-defying-social-distancing-rules/
https://www.alexa.com/covid-19/stay-home,https://covid19.ca.gov/stay-home-except-for-essential-needs/
https://www.alexa.com/covid-19/stay-home,https://medium.com/@ariadnelabs/social-distancing-this-is-not-a-snow-day-ac21d7fa78b4
https://www.alexa.com/covid-19/stay-home,https://www.theatlantic.com/family/archive/2020/03/coronavirus-what-does-social-distancing-mean/607927/
https://www.alexa.com/covid-19/stay-home,https://globalnews.ca/news/6716919/trudeau-canada-update-coronavirus-march-23/
https://www.alexa.com/covid-19/treatment,https://www.who.int/health-topics/coronavirus#tab=tab_3
https://www.alexa.com/covid-19/treatment,https://www.reuters.com/live-events/coronavirus-6-id2921484
https://www.alexa.com/covid-19/treatment,https://www.independent.co.uk/news/world/americas/us-politics/trump-coronavirus-inject-disinfectant-bleach-treatment-sunlight-a9481291.html
https://www.alexa.com/covid-19/treatment,https://www.nhsinform.scot/coronavirus
https://www.alexa.com/covid-19/treatment,https://www.who.int/emergencies/diseases/novel-coronavirus-2019/events-as-they-happen#.Xl5oiXqDjtw.twitter
https://www.alexa.com/covid-19/treatment,https://www.cdc.gov/coronavirus/2019-nCoV/summary.html#risk-assessment
https://www.alexa.com/covid-19/treatment,https://www.nhs.uk/conditions/coronavirus-covid-19/
https://www.alexa.com/covid-19/treatment,https://www1.nyc.gov/site/doh/health/health-topics/coronavirus.page
https://www.alexa.com/covid-19/treatment,https://www.canada.ca/en/public-health/services/diseases/2019-novel-coronavirus-infection.html
https://www.alexa.com/covid-19/emerging-data,https://sunnybrook.ca/research/media/item.asp?c=2&i=2069&f=covid-19-isolated-2020#.XmqdRmlrVfY.twitter
https://www.alexa.com/covid-19/emerging-data,https://coronawiki.org/page/study-17-9-of-people-with-covid-19-coronavirus-had-no-symptoms
https://www.alexa.com/covid-19/emerging-data,https://www.pittwire.pitt.edu/news/covid-19-vaccine-candidate-shows-promise-first-peer-reviewed-research
https://www.alexa.com/covid-19/emerging-data,https://www.inverse.com/science/pets-covid-19
https://www.alexa.com/covid-19/emerging-data,https://www.bmj.com/content/369/bmj.m1844
https://www.alexa.com/covid-19/emerging-data,https://www.washingtontimes.com/news/2020/may/21/australian-researchers-see-virus-design-manipulati/
https://www.alexa.com/covid-19/emerging-data,https://www.forbes.com/sites/brucelee/2020/03/17/covid-19-coronavirus-did-not-come-from-a-lab-study-shows-natural-origins/
https://www.alexa.com/covid-19/emerging-data,https://www.thegatewaypundit.com/2020/03/stunning-development-2005-us-nih-study-found-chloroquine-was-effective-in-treating-coronavirus-infection-so-why-is-dr-fauci-questioning-its-use-now/
https://www.alexa.com/covid-19/emerging-data,https://www.statnews.com/2020/03/17/a-fiasco-in-the-making-as-the-coronavirus-pandemic-takes-hold-we-are-making-decisions-without-reliable-data/
https://www.alexa.com/covid-19/emerging-data,https://www.dailywire.com/news/stanford-professor-data-indicates-were-overreacting-to-coronavirus
https://www.alexa.com/covid-19/clinical-trials,https://truepundit.com/cover-up-fauci-approved-chloroquine-hydroxychloroquine-15-years-ago-to-treat-nobody-needed-to-die/
https://www.alexa.com/covid-19/clinical-trials,https://www.nih.gov/news-events/news-releases/nih-clinical-trial-investigational-vaccine-covid-19-begins
https://www.alexa.com/covid-19/clinical-trials,https://www.jpost.com/HEALTH-SCIENCE/Israeli-scientists-In-three-weeks-we-will-have-coronavirus-vaccine-619101
https://www.alexa.com/covid-19/clinical-trials,https://www.pittwire.pitt.edu/news/covid-19-vaccine-candidate-shows-promise-first-peer-reviewed-research
https://www.alexa.com/covid-19/clinical-trials,https://news.sky.com/story/coronavirus-covid-19-vaccine-for-30-million-by-september-if-trial-succeeds-says-sharma-11990039
https://www.alexa.com/covid-19/clinical-trials,https://theconversation.com/we-found-and-tested-47-old-drugs-that-might-treat-the-coronavirus-results-show-promising-leads-and-a-whole-new-way-to-fight-covid-19-136789
https://www.alexa.com/covid-19/clinical-trials,https://justthenews.com/politics-policy/coronavirus/fda-gives-emergency-approval-use-anti-malaria-drugs-fight-coronavirus#.XoFzCK1FrPk.twitter
https://www.alexa.com/covid-19/clinical-trials,https://onenewsnow.com/perspectives/bryan-fischer/2020/04/27/fauci-knew-about-hcq-in-2005-nobody-needed-to-die
https://www.alexa.com/covid-19/clinical-trials,https://triblive.com/local/pittsburgh-allegheny/pittsburgh-scientists-say-coronavirus-vaccine-could-be-fast-tracked-after-key-animal-testing/
https://www.alexa.com/covid-19/clinical-trials,https://www.nih.gov/news-events/news-releases/nih-begins-clinical-trial-hydroxychloroquine-azithromycin-treat-covid-19#.Xr5vE9Hh_S4.twitter
https://www.alexa.com/covid-19/detection,https://www.cdc.gov/coronavirus/2019-nCoV/summary.html#risk-assessment
https://www.alexa.com/covid-19/detection,https://www1.nyc.gov/site/doh/health/health-topics/coronavirus.page
https://www.alexa.com/covid-19/detection,https://uk.reuters.com/article/uk-health-coronavirus-britain-antibody/cheap-antibody-test-sent-for-validation-in-coronavirus-fight-idUKKBN21D1W9
https://www.alexa.com/covid-19/detection,https://www.shine.cn/news/nation/2003073683/
https://www.alexa.com/covid-19/detection,https://www.theguardian.com/world/2020/mar/25/uk-coronavirus-mass-home-testing-to-be-made-available-within-days
https://www.alexa.com/covid-19/detection,https://www.theatlantic.com/health/archive/2020/05/cdc-and-states-are-misreporting-covid-19-test-data-pennsylvania-georgia-texas/611935/
https://www.alexa.com/covid-19/detection,https://www.cdc.gov/coronavirus/2019-ncov/symptoms-testing/testing.html
https://www.alexa.com/covid-19/detection,https://www.irishtimes.com/news/world/coronavirus-no-evidence-that-recovered-patients-are-immune-says-who-1.4238216
https://www.alexa.com/covid-19/detection,https://www.miamiherald.com/news/coronavirus/article242260406.html
https://www.alexa.com/covid-19/detection,https://jamanetwork.com/journals/jama/fullarticle/2763854
https://www.alexa.com/covid-19/test-kits,https://www.cnn.com/2020/03/16/africa/jack-ma-donate-masks-coronavirus-africa/index.html
https://www.alexa.com/covid-19/test-kits,https://www.seattletimes.com/seattle-news/health/gates-funded-program-will-soon-offer-home-testing-kits-for-new-coronavirus/
https://www.alexa.com/covid-19/test-kits,https://www.shine.cn/news/nation/2003073683/
https://www.alexa.com/covid-19/test-kits,https://www.news24.com/SouthAfrica/News/man-who-posted-fake-contaminated-covid-19-test-kits-video-arrested-20200407
https://www.alexa.com/covid-19/test-kits,https://techcrunch.com/2020/03/08/gates-foundation-backed-program-will-soon-be-issuing-home-testing-kits-for-covid-19-in-seattle/
https://www.alexa.com/covid-19/test-kits,https://www.npr.org/sections/coronavirus-live-updates/2020/04/21/839919655/maryland-gets-500-000-test-kits-from-south-korea-drawing-criticism-from-trump
https://www.alexa.com/covid-19/test-kits,https://time.com/5805953/home-covid-19-test-everlywell/
https://www.alexa.com/covid-19/test-kits,https://www.aljazeera.com/podcasts/thetake/2020/04/1-testing-kits-senegal-approach-coronavirus-200427143150262.html
https://www.alexa.com/covid-19/test-kits,https://www.middleeasteye.net/news/coronavirus-turkey-faulty-chinese-kits-not-use
https://www.alexa.com/covid-19/test-kits,https://www.axios.com/cdc-lab-coronavirus-contaminated-6dc9726d-dea3-423f-b5ad-eb7b1e44c2e2.html
https://www.alexa.com/covid-19/economic-effects,https://www.canada.ca/en/department-finance/economic-response-plan.html
https://www.alexa.com/covid-19/economic-effects,https://economicstrategygroup.org/resource/economic-strategy-group-statement-covid19/
https://www.alexa.com/covid-19/economic-effects,https://www.npr.org/transcripts/867466515
https://www.alexa.com/covid-19/economic-effects,https://theintercept.com/2020/04/09/nyc-coronavirus-deaths-race-economic-divide/
https://www.alexa.com/covid-19/economic-effects,https://www.ctvnews.ca/politics/canada-to-spend-1-billion-combating-covid-19-spread-economic-impacts-1.4848070
https://www.alexa.com/covid-19/economic-effects,https://www.dataforprogress.org/memos/coronavirus-economic-impact
https://www.alexa.com/covid-19/economic-effects,https://abcnews.go.com/US/coronavirus-updates-fda-ftc-warn-infowars-selling-products/story?id=70078277&cid=social_twitter_abcn
https://www.alexa.com/covid-19/economic-effects,https://www.lamayor.org/mayor-garcetti-announces-economic-relief-package-small-businesses-impacted-novel-coronavirus
https://www.alexa.com/covid-19/economic-effects,http://www.theinvestor.co.kr/view.php?ud=20181219000505
https://www.alexa.com/covid-19/economic-effects,https://www.liberal.ca/covid-19-economic-response-supporting-canadians/
https://www.alexa.com/covid-19/stock-market,https://markets.businessinsider.com/news/stocks/coronavirus-vaccine-boosts-big-pharma-market-capitalizations-50-billion-dollars-2020-6-1029350789
https://www.alexa.com/covid-19/stock-market,https://www.cnbc.com/2020/06/29/blackrock-sees-risks-for-us-stocks-in-the-second-half-from-virus-and-politics.html?__source=twitter%7Cmain
https://www.alexa.com/covid-19/stock-market,https://www.businessinsider.com/coronavirus-vaccine-boosts-big-pharma-market-capitalizations-50-billion-dollars-2020-6
https://www.alexa.com/covid-19/stock-market,https://www.axios.com/coronavirus-drug-price-increases-488e8059-24a1-41ba-a791-7aa308727d0d.html?utm_source=twitter&utm_medium=social&utm_campaign=organic&utm_content=1100
https://www.alexa.com/covid-19/stock-market,https://www.cnbc.com/2020/06/29/impossible-foods-rolls-out-its-meatless-sausage-to-all-restaurants-nationwide.html?__source=twitter%7Cmain
https://www.alexa.com/covid-19/stock-market,https://www.congressionalleadershipfund.org/blog/lvrj-rep-susie-lee-made-favorable-stock-trades-before-covid/
https://www.alexa.com/covid-19/stock-market,https://www.rollingstone.com/pro/features/spotify-stock-market-success-podcasts-1021895/
https://www.alexa.com/covid-19/stock-market,https://news.sky.com/story/london-stock-exchange-in-talks-to-buy-stake-in-retail-shares-star-primarybid-12017923
https://www.alexa.com/covid-19/stock-market,https://www.cnbc.com/2020/06/29/stock-market-live-updates.html?__source=twitter%7Cmain
https://www.alexa.com/covid-19/stock-market,https://www.thestreet.com/investing/stock-market-today-with-jim-cramer-sell-facebook-disney-trump-mask
https://www.alexa.com/covid-19/small-business,https://www.theatlantic.com/ideas/archive/2020/06/breakdown-church-and-state/613498/
https://www.alexa.com/covid-19/small-business,https://finance.yahoo.com/news/gao-t-solve-2-7-103042904.html
https://www.alexa.com/covid-19/small-business,https://www.nytimes.com/2020/06/11/business/grant-loans-small-businesses.html?smid=tw-nytimes&smtyp=cur
https://www.alexa.com/covid-19/small-business,https://www.governor.pa.gov/newsroom/wolf-administration-cares-act-funding-for-small-businesses-available-tomorrow/
https://www.alexa.com/covid-19/small-business,https://www.blackenterprise.com/small-businesses-have-until-june-30-to-apply-for-the-128-billion-left-in-ppp-loans/
https://www.alexa.com/covid-19/small-business,https://dced.pa.gov/newsroom/wolf-administration-cares-act-funding-for-small-businesses-available-tomorrow/
https://www.alexa.com/covid-19/small-business,https://www.citigroup.com/citi/news/2020/200629a.htm?linkId=92250610
https://www.alexa.com/covid-19/small-business,https://us02web.zoom.us/webinar/register/WN_v-e95m8PQM2XwlNKhCOihA
https://www.alexa.com/covid-19/small-business,https://chicago.suntimes.com/2020/6/29/21306496/chicagos-theaters-streaming-revenue-covid-19-closures-canceled-seasons
https://www.alexa.com/covid-19/small-business,https://www.eater.com/2020/6/29/21307526/ppp-loan-application-deadline-june-30-paycheck-protection-program-leftover-money?utm_campaign=eater&utm_content=chorus&utm_medium=social&utm_source=twitter
https://www.alexa.com/covid-19/unemployment,https://www.epi.org/blog/nearly-11-of-the-workforce-is-out-of-work-with-zero-chance-of-getting-called-back-to-a-prior-job/
https://www.alexa.com/covid-19/unemployment,https://www.zerohedge.com/markets/look-out-below-why-economy-about-fly-fiscal-cliff
https://www.alexa.com/covid-19/unemployment,https://wisconsinspotlight.com/left-with-nothing/
https://www.alexa.com/covid-19/unemployment,https://www.witf.org/2020/06/29/tens-of-thousands-of-unemployed-pennsylvanians-still-waiting-for-benefits/
https://www.alexa.com/covid-19/unemployment,https://www.propublica.org/article/how-north-carolina-transformed-itself-into-the-worst-state-to-be-unemployed?utm_source=twitter&utm_medium=social#972150
https://www.alexa.com/covid-19/unemployment,https://www.marketwatch.com/story/food-banks-are-anticipating-a-second-wave-of-demand-when-the-extra-600-in-unemployment-benefits-expires-next-month-2020-06-29?mod=mw_latestnews
https://www.alexa.com/covid-19/unemployment,http://longisland.news12.com/story/42305298/some-restaurant-owners-struggling-to-get-employees-on-unemployment-to-return
https://www.alexa.com/covid-19/unemployment,https://www.usnews.com/opinion/economic-intelligence/2015/07/10/poor-childless-adults-left-out-of-the-social-safety-net
https://www.alexa.com/covid-19/unemployment,https://www.seattletimes.com/business/washington-state-may-need-federal-loans-to-cover-unemployment-claims-by-years-end/?utm_medium=social&utm_campaign=owned_echobox_tw_m&utm_source=Twitter#Echobox=1593482857
https://www.alexa.com/covid-19/unemployment,https://www.wpr.org/lives-hold-pandemic-exposes-failures-wisconsin-unemployment-insurance-system
https://www.alexa.com/covid-19/stimulus-package,https://www.sc.com/en/feature/what-are-the-prospects-for-chinas-post-covid-19-economic-recovery/
https://www.alexa.com/covid-19/stimulus-package,https://www.straitstimes.com/business/economy/china-wont-be-able-to-bail-asia-out-this-time
https://www.alexa.com/covid-19/stimulus-package,https://www.washingtonpost.com/business/2020/06/29/exodus-trumps-economic-team-continues-despite-fresh-fears-about-new-closures-coronavirus-crisis/
https://www.alexa.com/covid-19/stimulus-package,https://www.abc.net.au/news/2020-06-30/stark-statistics-reveal-precarious-position-of-women/12404274
https://www.alexa.com/covid-19/stimulus-package,https://www.cnn.com/2020/06/30/politics/fauci-redford-testimony-senate-coronavirus/index.html
https://www.alexa.com/covid-19/stimulus-package,https://www.gov.scot/news/blueprint-for-economic-recovery/
https://www.alexa.com/covid-19/stimulus-package,https://time.com/5861295/masks-covid19-spread-fighting/
https://www.alexa.com/covid-19/stimulus-package,https://www.federalreserve.gov/newsevents/testimony/powell20200630a.htm
https://www.alexa.com/covid-19/stimulus-package,http://saharareporters.com/2020/06/29/order-nigerian-government-name-beneficiaries-covid-19-intervention-funds-serap-tells
https://www.alexa.com/covid-19/stimulus-package,https://www.zerohedge.com/markets/look-out-below-why-economy-about-fly-fiscal-cliff
https://www.alexa.com/covid-19/pandemic,https://www.bbc.com/news/health-53218704?xtor=AL-72-%5Bpartner%5D-%5Bbbc.news.twitter%5D-%5Bheadline%5D-%5Bnews%5D-%5Bbizdev%5D-%5Bisapi%5D&at_custom4=472DE83C-BA3D-11EA-97C6-67EF4744363C&at_custom3=%40bbchealth&at_medium=custom7&at_custom1=%5Bpost+type%5D&at_campaign=64&at_custom2=twitter
https://www.alexa.com/covid-19/pandemic,https://www.inverse.com/science/scientists-identify-a-swine-flu-virus-with-pandemic-potential
https://www.alexa.com/covid-19/pandemic,https://thehill.com/policy/healthcare/505042-who-director-pandemic-speeding-up
https://www.alexa.com/covid-19/pandemic,https://www.wsj.com/articles/coronavirus-pandemic-led-to-surge-in-alzheimers-deaths-11593345601?mod=hp_lead_pos10
https://www.alexa.com/covid-19/pandemic,https://www.foreignaffairs.com/articles/united-states/2020-06-29/how-forecast-outbreaks-and-pandemics
https://www.alexa.com/covid-19/pandemic,https://pitchfork.com/features/article/how-musicians-are-fighting-for-streaming-pay-during-the-pandemic/
https://www.alexa.com/covid-19/reopening,https://www.bbc.co.uk/news/uk-politics-53223474
https://www.alexa.com/covid-19/reopening,https://gothamist.com/food/arthur-avenue-reopening-street-piazza?utm_medium=social&utm_source=twitter&utm_campaign=shared_twitter
https://www.alexa.com/covid-19/reopening,https://www.cnn.com/world/live-news/coronavirus-pandemic-06-29-20-intl/h_be76b0483ad223a0df61e7f6ace44d79?utm_term=link&utm_source=twCNN&utm_content=2020-06-30T02%3A09%3A02&utm_medium=social
https://www.alexa.com/covid-19/reopening,https://reason.com/2020/06/29/reopen-schools-coronavirus-covid-19/
https://www.alexa.com/covid-19/reopening,https://president.utexas.edu/messages-speeches-2020/fall-2020-reopening-plans
https://www.alexa.com/covid-19/reopening,https://www.indiewire.com/2020/06/amc-theatres-reopening-july-30-1234570343/
https://www.alexa.com/covid-19/reopening,https://gothamist.com/food/nyc-really-ready-phase-3-reopening
https://www.alexa.com/covid-19/reopening,https://www.today.ng/news/nigeria/asuu-suicidal-reopen-schools-304033
https://www.alexa.com/covid-19/reopening,https://www.fox4news.com/news/perot-museum-pauses-plan-to-reopen-in-july
https://www.alexa.com/covid-19/influenza,https://www.bbc.com/news/health-53218704?xtor=AL-72-%5Bpartner%5D-%5Bbbc.news.twitter%5D-%5Bheadline%5D-%5Bnews%5D-%5Bbizdev%5D-%5Bisapi%5D&at_custom4=472DE83C-BA3D-11EA-97C6-67EF4744363C&at_custom3=%40bbchealth&at_medium=custom7&at_custom1=%5Bpost+type%5D&at_campaign=64&at_custom2=twitter
https://www.alexa.com/covid-19/influenza,https://www.inverse.com/science/scientists-identify-a-swine-flu-virus-with-pandemic-potential
https://www.alexa.com/covid-19/influenza,https://www.sciencemag.org/news/2020/06/swine-flu-strain-human-pandemic-potential-increasingly-found-chinese-pigs
https://www.alexa.com/covid-19/influenza,https://davidicke.com/2020/06/30/flu-virus-with-pandemic-potential-found-in-china/
https://www.alexa.com/covid-19/influenza,https://futurism.com/scientists-swine-flu-humans
https://www.alexa.com/covid-19/influenza,https://www.cnbc.com/2020/06/30/new-strain-of-flu-in-china-has-pandemic-potential-scientists-warns.html?__source=twitter%7Cmain
https://www.alexa.com/covid-19/good-news,https://gothamist.com/arts-entertainment/nypl-lions-patience-and-fortitude-are-now-wearing-masks-good-new-yorkers
https://www.alexa.com/covid-19/good-news,https://www.newstalkzb.co.nz/opinion/barry-soper-is-the-greens-poverty-plan-a-flight-of-fantasy-think-again/
https://www.alexa.com/covid-19/good-news,https://www.telegraph.co.uk/news/2020/06/29/coronavirus-positive-good-news-round-up-song-peace-scotland/?utm_content=telegraph&utm_medium=Social&utm_campaign=Echobox&utm_source=Twitter#Echobox=1593431376
https://www.alexa.com/covid-19/good-news,https://www.kentucky.com/sports/mlb/lexington-legends/article243848522.html
https://www.alexa.com/covid-19/good-news,https://1350kman.com/harrys-in-downtown-manhattan-to-close-for-good/
https://www.alexa.com/covid-19/good-news,https://venturefizz.com/stories/boston/venturefizz-good-news-report
https://www.alexa.com/covid-19/good-news,http://www.nrtoday.com/opinion/editorials/as_others_see_it/more-cares-assistance-is-good-news/article_70c57fa4-5669-50b0-b543-ea078e1a7150.html?utm_medium=social&utm_source=twitter&utm_campaign=user-share
https://www.alexa.com/covid-19/good-news,http://skydancingblog.com/2020/06/29/monday-reads-good-news-first/
https://www.alexa.com/covid-19/good-news,https://resourcehub.blackbaud.com.au/spirit-of-fundraising/good-news-from-childfund-australia
https://www.alexa.com/covid-19/good-news,https://truepundit.com/the-good-news-about-covid-19-the-corporate-media-keeps-hidden/
