166,join lottery pools online idaho
179,free lottery
204,lotto number generator
213,lottery results
242,how to win the lottery book
325,today's lucky numbers to play
378,how to play carrom
384,lunchtime
410,powerball60 magic free powerguidepdf
479,powerball affiliate program
590,louisiana lotto
671,cookie numbers
712,lotto bet slip printing machines
774,gail howard lotto strategy book
811,lotto strategies australia
1022,lotto system 10
1026,lotto system 10/30
1115,lotto system bet philippine
1154,lotto system gewinntabelle vew
1175,lotto system koszty
1241,lotto system uk
1312,oz lotto systems entry costs
1336,silver lotto system youtube
1339,system 4 lotto
1371,which lotto system is best
1406,analysis lotto 3.7 registration number
1458,lottery jackpot analysis
1488,lotto analysis software free
1673,how to win lotto using numerology
1686,how to win on lotto hotpicks
1711,how to win the lotto with the secret
1769,lotto win 4
1928,x lotto winners
1939,how to increase odds of winning lotto max
2023,is lottery system legal in india
2067,lottery number system to win
2068,lottery pairs system
2115,lottery system for h1b visa 2013
2143,lottery system in mumbai
2300,fantasy 5 lottery strategy
2388,lottery strategy reddit
2437,pick 4 lottery strategy guide
2494,georgia lottery analysis
2509,kentucky lottery analysis
2620,oklahoma lottery analysis
2715,fl lottery how to win
2929,lottery win for life
2948,lottery win india
2971,lottery win probability
3015,nj lottery pick 6 how to win
