powerball60 magic free powerguidepdf,1,http://www.all-alexa.com/siteinfo/lottomasta.com
analysis lotto 3.7 registration number,1,http://www.dailymotion.com/video/x2istmd
analysis lotto 3.7 registration number,2,https://www.smartserials.com/serials/Analysis-Lotto_1.5_3689.htm
analysis lotto 3.7 registration number,3,http://findfiles.com/6238/details-analysis-lotto.html
analysis lotto 3.7 registration number,4,https://lockerdome.com/8638304983879489/8654170089725972
analysis lotto 3.7 registration number,5,http://www.windows7download.com/win7-analysis-lotto/lfvuyayc.html
analysis lotto 3.7 registration number,6,http://www.freshdevices.com/17135/buy-analysis-lotto.html
analysis lotto 3.7 registration number,7,http://lotto.software.informer.com/download-lotto-hat-registration-number/
analysis lotto 3.7 registration number,8,https://www.lotterypost.com/thread/82717
analysis lotto 3.7 registration number,9,http://quotes.morningstar.com/stockq/analysis-report?t=XATH:OPAP&region=grc&culture=en-US&productcode=MLE&cur=
analysis lotto 3.7 registration number,10,http://en.freedownloadmanager.org/Windows-PC/Analysis-Lotto.html
lotto analysis software free,1,http://download.cnet.com/Magayo-Lotto/3000-2647_4-75628200.html
lotto analysis software free,2,http://www.lotterystatisticanalyser.com/
lotto analysis software free,3,http://www.lottoprediction.com/lottery-data-analysers/
lotto analysis software free,4,http://analysis-lotto.soft112.com/
lotto analysis software free,5,https://www.magayo.com/lottery-software/
lotto analysis software free,6,https://www.youtube.com/watch?v=ipkXGKZztnw
lotto analysis software free,7,https://www.lotterypost.com/thread/246665
lotto analysis software free,8,http://en.freedownloadmanager.org/Windows-PC/Analysis-Lotto.html
lotto analysis software free,9,http://www.use4.com/comments.html
