32,keniox download
33,lotto
34,wyniki lotto archiwum
35,lotto program
36,systemy multi multi na 40 liczb
37,systemy liczbowe
38,mini lotto system
39,system mini lotto
40,lotto wyniki ostatnie
41,mini lotto
42,liczby losu
43,losuj liczby
44,lotto liczby
45,goldenlotto
46,totalizator sportowy katowice
47,lotto online
48,wyniki multi multi
49,totolotek
50,kupon lotto
51,gry pl
52,elotek
53,lotto przez internet
54,play lotto online
55,losowanie lotto online
56,multi multi
57,lotplay
58,wyniki lotto
59,multipasko
60,lotto wyniki
61,eurojackpot
62,lottoland
63,lotto archiwum
64,keno wyniki
65,najcz??ciej losowane liczby w mini lotto
66,jak zglosic sie do milionerow
67,wyniki lotto csv
68,lotto grupowe
69,keno
70,system mini lotto na 20 liczb
71,aktualne wyniki lotto
72,lotto pl
73,www lotto pl
74,du?y lotek
75,3gry pl
76,analiza lotto
77,sms typ
